{"cameraMode":{"drawMode":0,"name":"Shaded","section":"Shading Mode"},"sceneLighting":false,"audioPlay":false,"sceneViewState":{"showFog":true,"showMaterialUpdate":false,"showSkybox":true,"showFlares":true,"showImageEffects":true,"showParticleSystems":true},"in2DMode":false,"pivot":{"x":162.88742065429688,"y":-33.212310791015628,"z":143.08306884765626},"rotation":{"x":0.33335477113723757,"y":0.014141356572508812,"z":-0.0050006951205432419,"w":0.9426822066307068},"size":449.4815368652344,"orthographic":false}